episode_id,scenario,provenance,gold_root,red_herrings,stated_cause,machine_label,human_label,notes
auth_cert_expiry#0,auth_cert_expiry,gold,"the TLS serving certificate on 'auth-gateway' expired, so all TLS handshakes fail; renewing/rotating the certificate restores it",a bad deploy | a network/DNS fault | scaling up will help | a CPU problem,"the TLS serving certificate on 'auth-gateway' expired, so all TLS handshakes fail; renewing/rotating the certificate restores it",CORRECT,,
auth_cert_expiry#1,auth_cert_expiry,herring,"the TLS serving certificate on 'auth-gateway' expired, so all TLS handshakes fail; renewing/rotating the certificate restores it",a bad deploy | a network/DNS fault | scaling up will help | a CPU problem,the incident is caused by a bad deploy,WRONG,,
auth_cert_expiry#2,auth_cert_expiry,generic,"the TLS serving certificate on 'auth-gateway' expired, so all TLS handshakes fail; renewing/rotating the certificate restores it",a bad deploy | a network/DNS fault | scaling up will help | a CPU problem,the service is just overloaded and needs more replicas,WRONG,,
aws_dynamodb_dns#0,aws_dynamodb_dns,gold,"a DNS Planner/Enactor race published an empty DNS record for the regional DynamoDB endpoint, so DynamoDB became unresolvable and the AWS control services that depend on it were impaired — the EC2/NLB/app 5xx are DOWNSTREAM victims. Fix the DNS state first, then drain the control-plane backlog.",the EC2/NLB/app-frontend victims being the root cause | scaling or failing over the loud victims will help | a bad deploy | a raw capacity shortage,"a DNS Planner/Enactor race published an empty DNS record for the regional DynamoDB endpoint, so DynamoDB became unresolvable and the AWS control services that depend on it were impaired — the EC2/NLB/app 5xx are DOWNSTREAM victims. Fix the DNS state first, then drain the control-plane backlog.",CORRECT,,
aws_dynamodb_dns#1,aws_dynamodb_dns,herring,"a DNS Planner/Enactor race published an empty DNS record for the regional DynamoDB endpoint, so DynamoDB became unresolvable and the AWS control services that depend on it were impaired — the EC2/NLB/app 5xx are DOWNSTREAM victims. Fix the DNS state first, then drain the control-plane backlog.",the EC2/NLB/app-frontend victims being the root cause | scaling or failing over the loud victims will help | a bad deploy | a raw capacity shortage,the incident is caused by the EC2/NLB/app-frontend victims being the root cause,WRONG,,
aws_dynamodb_dns#2,aws_dynamodb_dns,generic,"a DNS Planner/Enactor race published an empty DNS record for the regional DynamoDB endpoint, so DynamoDB became unresolvable and the AWS control services that depend on it were impaired — the EC2/NLB/app 5xx are DOWNSTREAM victims. Fix the DNS state first, then drain the control-plane backlog.",the EC2/NLB/app-frontend victims being the root cause | scaling or failing over the loud victims will help | a bad deploy | a raw capacity shortage,the service is just overloaded and needs more replicas,CORRECT,,
aws_kinesis_cell_manager#0,aws_kinesis_cell_manager,gold,"the Kinesis 'cell-manager' distributes shards by throughput not count, so many low-throughput shards piled on a few hosts, oversized status messages read as 'unhealthy', and a reshuffle storm overloaded the TLS connection-provisioner — restarting hosts only adds rebalance churn",a routine bad deploy | raw shard capacity shortage | restarting hosts will fix it | cell isolation will contain it,"the Kinesis 'cell-manager' distributes shards by throughput not count, so many low-throughput shards piled on a few hosts, oversized status messages read as 'unhealthy', and a reshuffle storm overloaded the TLS connection-provisioner — restarting hosts only adds rebalance churn",CORRECT,,
aws_kinesis_cell_manager#1,aws_kinesis_cell_manager,herring,"the Kinesis 'cell-manager' distributes shards by throughput not count, so many low-throughput shards piled on a few hosts, oversized status messages read as 'unhealthy', and a reshuffle storm overloaded the TLS connection-provisioner — restarting hosts only adds rebalance churn",a routine bad deploy | raw shard capacity shortage | restarting hosts will fix it | cell isolation will contain it,the incident is caused by a routine bad deploy,WRONG,,
aws_kinesis_cell_manager#2,aws_kinesis_cell_manager,generic,"the Kinesis 'cell-manager' distributes shards by throughput not count, so many low-throughput shards piled on a few hosts, oversized status messages read as 'unhealthy', and a reshuffle storm overloaded the TLS connection-provisioner — restarting hosts only adds rebalance churn",a routine bad deploy | raw shard capacity shortage | restarting hosts will fix it | cell isolation will contain it,the service is just overloaded and needs more replicas,CORRECT,,
azure_ddos#0,azure_ddos,gold,the 'ddos-mitigation' defensive path itself amplified the outage: under attack it starved legitimate traffic via over-aggressive blocking on a shared pool (defense amplification). Recalibrate thresholds and isolate legit traffic from the defense pool — do not scale the victims.,the front-door service being the root | a real capacity shortage (scale up) | a bad deploy | an upstream dependency failure,the 'ddos-mitigation' defensive path itself amplified the outage: under attack it starved legitimate traffic via over-aggressive blocking on a shared pool (defense amplification). Recalibrate thresholds and isolate legit traffic from the defense pool — do not scale the victims.,CORRECT,,
azure_ddos#1,azure_ddos,herring,the 'ddos-mitigation' defensive path itself amplified the outage: under attack it starved legitimate traffic via over-aggressive blocking on a shared pool (defense amplification). Recalibrate thresholds and isolate legit traffic from the defense pool — do not scale the victims.,the front-door service being the root | a real capacity shortage (scale up) | a bad deploy | an upstream dependency failure,the incident is caused by the front-door service being the root,WRONG,,
azure_ddos#2,azure_ddos,generic,the 'ddos-mitigation' defensive path itself amplified the outage: under attack it starved legitimate traffic via over-aggressive blocking on a shared pool (defense amplification). Recalibrate thresholds and isolate legit traffic from the defense pool — do not scale the victims.,the front-door service being the root | a real capacity shortage (scale up) | a bad deploy | an upstream dependency failure,the service is just overloaded and needs more replicas,WRONG,,
azure_leapyear_cert#0,azure_leapyear_cert,gold,"the 'fabric-agent' computed transfer-certificate validity as date+1y and on a leap day produced an invalid date, so cert generation failed and guest agents couldn't connect; renewing/regenerating the certificate is the fix — it is not a guest-VM or network fault",a guest-VM operating-system fault | a network connectivity problem | a bad deploy | the hosts need more capacity,"the 'fabric-agent' computed transfer-certificate validity as date+1y and on a leap day produced an invalid date, so cert generation failed and guest agents couldn't connect; renewing/regenerating the certificate is the fix — it is not a guest-VM or network fault",CORRECT,,
azure_leapyear_cert#1,azure_leapyear_cert,herring,"the 'fabric-agent' computed transfer-certificate validity as date+1y and on a leap day produced an invalid date, so cert generation failed and guest agents couldn't connect; renewing/regenerating the certificate is the fix — it is not a guest-VM or network fault",a guest-VM operating-system fault | a network connectivity problem | a bad deploy | the hosts need more capacity,the incident is caused by a guest-VM operating-system fault,WRONG,,
azure_leapyear_cert#2,azure_leapyear_cert,generic,"the 'fabric-agent' computed transfer-certificate validity as date+1y and on a leap day produced an invalid date, so cert generation failed and guest agents couldn't connect; renewing/regenerating the certificate is the fix — it is not a guest-VM or network fault",a guest-VM operating-system fault | a network connectivity problem | a bad deploy | the hosts need more capacity,the service is just overloaded and needs more replicas,WRONG,,
bad_deploy_leaf#0,bad_deploy_leaf,gold,'checkout-api' is failing due to a bad deployment (a bad revision): the error rate spiked right after the rollout,resource exhaustion | a network fault | scaling up will help,'checkout-api' is failing due to a bad deployment (a bad revision): the error rate spiked right after the rollout,CORRECT,,
bad_deploy_leaf#1,bad_deploy_leaf,herring,'checkout-api' is failing due to a bad deployment (a bad revision): the error rate spiked right after the rollout,resource exhaustion | a network fault | scaling up will help,the incident is caused by resource exhaustion,WRONG,,
bad_deploy_leaf#2,bad_deploy_leaf,generic,'checkout-api' is failing due to a bad deployment (a bad revision): the error rate spiked right after the rollout,resource exhaustion | a network fault | scaling up will help,the service is just overloaded and needs more replicas,WRONG,,
billing_disk_fill#0,billing_disk_fill,gold,'billing-worker' filled its disk with unrotated logs (100% volume) so writes fail; rotating/truncating the logs frees the volume,a memory leak | needs more replicas | a database outage,'billing-worker' filled its disk with unrotated logs (100% volume) so writes fail; rotating/truncating the logs frees the volume,CORRECT,,
billing_disk_fill#1,billing_disk_fill,herring,'billing-worker' filled its disk with unrotated logs (100% volume) so writes fail; rotating/truncating the logs frees the volume,a memory leak | needs more replicas | a database outage,the incident is caused by a memory leak,WRONG,,
billing_disk_fill#2,billing_disk_fill,generic,'billing-worker' filled its disk with unrotated logs (100% volume) so writes fail; rotating/truncating the logs frees the volume,a memory leak | needs more replicas | a database outage,the service is just overloaded and needs more replicas,WRONG,,
checkout_bad_rollout#0,checkout_bad_rollout,gold,'checkout-api' shipped a bad revision: the new build returns 5xx immediately after rollout; rolling back to the previous revision fixes it,resource exhaustion | a network fault | scaling up will help | a certificate problem,'checkout-api' shipped a bad revision: the new build returns 5xx immediately after rollout; rolling back to the previous revision fixes it,CORRECT,,
checkout_bad_rollout#1,checkout_bad_rollout,herring,'checkout-api' shipped a bad revision: the new build returns 5xx immediately after rollout; rolling back to the previous revision fixes it,resource exhaustion | a network fault | scaling up will help | a certificate problem,the incident is caused by resource exhaustion,WRONG,,
checkout_bad_rollout#2,checkout_bad_rollout,generic,'checkout-api' shipped a bad revision: the new build returns 5xx immediately after rollout; rolling back to the previous revision fixes it,resource exhaustion | a network fault | scaling up will help | a certificate problem,the service is just overloaded and needs more replicas,WRONG,,
circleci_kubeproxy_iptables#0,circleci_kubeproxy_iptables,gold,"'kube-proxy' is failing iptables-restore after a kube-proxy/kubelet version skew, so Service routing rules stop updating and svc-to-svc traffic breaks — the app/DNS symptoms are downstream",CoreDNS / DNS is the root cause | a bad Kubernetes app deploy | the services need more replicas | restarting CoreDNS will fix it,"'kube-proxy' is failing iptables-restore after a kube-proxy/kubelet version skew, so Service routing rules stop updating and svc-to-svc traffic breaks — the app/DNS symptoms are downstream",CORRECT,,
circleci_kubeproxy_iptables#1,circleci_kubeproxy_iptables,herring,"'kube-proxy' is failing iptables-restore after a kube-proxy/kubelet version skew, so Service routing rules stop updating and svc-to-svc traffic breaks — the app/DNS symptoms are downstream",CoreDNS / DNS is the root cause | a bad Kubernetes app deploy | the services need more replicas | restarting CoreDNS will fix it,the incident is caused by CoreDNS / DNS is the root cause,WRONG,,
circleci_kubeproxy_iptables#2,circleci_kubeproxy_iptables,generic,"'kube-proxy' is failing iptables-restore after a kube-proxy/kubelet version skew, so Service routing rules stop updating and svc-to-svc traffic breaks — the app/DNS symptoms are downstream",CoreDNS / DNS is the root cause | a bad Kubernetes app deploy | the services need more replicas | restarting CoreDNS will fix it,the service is just overloaded and needs more replicas,WRONG,,
cloudflare_bgp_reorder#0,cloudflare_bgp_reorder,gold,"a BGP policy term re-order on 'bgp-policy' moved site-local advertisement behind a REJECT-THE-REST term, silently withdrawing prefixes so data centers lost mutual reachability; the harmless-looking diff is the cause and concurrent un-coordinated reverts re-introduce the bad state",a hardware/link failure | the edge needs more capacity | a traffic flood / DDoS | concurrent manual reverts are safe,"a BGP policy term re-order on 'bgp-policy' moved site-local advertisement behind a REJECT-THE-REST term, silently withdrawing prefixes so data centers lost mutual reachability; the harmless-looking diff is the cause and concurrent un-coordinated reverts re-introduce the bad state",CORRECT,,
cloudflare_bgp_reorder#1,cloudflare_bgp_reorder,herring,"a BGP policy term re-order on 'bgp-policy' moved site-local advertisement behind a REJECT-THE-REST term, silently withdrawing prefixes so data centers lost mutual reachability; the harmless-looking diff is the cause and concurrent un-coordinated reverts re-introduce the bad state",a hardware/link failure | the edge needs more capacity | a traffic flood / DDoS | concurrent manual reverts are safe,the incident is caused by a hardware/link failure,WRONG,,
cloudflare_bgp_reorder#2,cloudflare_bgp_reorder,generic,"a BGP policy term re-order on 'bgp-policy' moved site-local advertisement behind a REJECT-THE-REST term, silently withdrawing prefixes so data centers lost mutual reachability; the harmless-looking diff is the cause and concurrent un-coordinated reverts re-introduce the bad state",a hardware/link failure | the edge needs more capacity | a traffic flood / DDoS | concurrent manual reverts are safe,the service is just overloaded and needs more replicas,WRONG,,
cloudflare_byzantine_switch#0,cloudflare_byzantine_switch,gold,"a partially-failed 'agg-switch' (control-plane down, data-plane up) created asymmetric reachability so the cluster manager saw conflicting views (Byzantine) and elected no leader; restarting the switch CP just re-enters the degraded state — hard-down the switch for a clean partition",a clean full switch failure | restarting the cluster nodes will fix it | a database problem | a bad deploy,"a partially-failed 'agg-switch' (control-plane down, data-plane up) created asymmetric reachability so the cluster manager saw conflicting views (Byzantine) and elected no leader; restarting the switch CP just re-enters the degraded state — hard-down the switch for a clean partition",CORRECT,,
cloudflare_byzantine_switch#1,cloudflare_byzantine_switch,herring,"a partially-failed 'agg-switch' (control-plane down, data-plane up) created asymmetric reachability so the cluster manager saw conflicting views (Byzantine) and elected no leader; restarting the switch CP just re-enters the degraded state — hard-down the switch for a clean partition",a clean full switch failure | restarting the cluster nodes will fix it | a database problem | a bad deploy,the incident is caused by a clean full switch failure,WRONG,,
cloudflare_byzantine_switch#2,cloudflare_byzantine_switch,generic,"a partially-failed 'agg-switch' (control-plane down, data-plane up) created asymmetric reachability so the cluster manager saw conflicting views (Byzantine) and elected no leader; restarting the switch CP just re-enters the degraded state — hard-down the switch for a clean partition",a clean full switch failure | restarting the cluster nodes will fix it | a database problem | a bad deploy,the service is just overloaded and needs more replicas,WRONG,,
cloudflare_leap_second#0,cloudflare_leap_second,gold,"a leap-second made a time delta go negative and panic the 'rrdns' service (a latent code path on a clock discontinuity); the DNS failures are downstream of the crashing service, not an upstream DNS problem",an upstream DNS outage | a capacity / scaling problem | a bad deploy | a network partition,"a leap-second made a time delta go negative and panic the 'rrdns' service (a latent code path on a clock discontinuity); the DNS failures are downstream of the crashing service, not an upstream DNS problem",CORRECT,,
cloudflare_leap_second#1,cloudflare_leap_second,herring,"a leap-second made a time delta go negative and panic the 'rrdns' service (a latent code path on a clock discontinuity); the DNS failures are downstream of the crashing service, not an upstream DNS problem",an upstream DNS outage | a capacity / scaling problem | a bad deploy | a network partition,the incident is caused by an upstream DNS outage,WRONG,,
cloudflare_leap_second#2,cloudflare_leap_second,generic,"a leap-second made a time delta go negative and panic the 'rrdns' service (a latent code path on a clock discontinuity); the DNS failures are downstream of the crashing service, not an upstream DNS problem",an upstream DNS outage | a capacity / scaling problem | a bad deploy | a network partition,the service is just overloaded and needs more replicas,CORRECT,,
cloudflare_waf#0,cloudflare_waf,gold,"a WAF security-rule change activated a latent broken code path in 'edge-waf', crashing edge request handling; the origin failures are misattributed. Disable the bad rule path / roll back the edge-waf revision.",the origin servers being down | a network or DNS fault | scaling the edge will help | a datastore problem,"a WAF security-rule change activated a latent broken code path in 'edge-waf', crashing edge request handling; the origin failures are misattributed. Disable the bad rule path / roll back the edge-waf revision.",CORRECT,,
cloudflare_waf#1,cloudflare_waf,herring,"a WAF security-rule change activated a latent broken code path in 'edge-waf', crashing edge request handling; the origin failures are misattributed. Disable the bad rule path / roll back the edge-waf revision.",the origin servers being down | a network or DNS fault | scaling the edge will help | a datastore problem,the incident is caused by the origin servers being down,WRONG,,
cloudflare_waf#2,cloudflare_waf,generic,"a WAF security-rule change activated a latent broken code path in 'edge-waf', crashing edge request handling; the origin failures are misattributed. Disable the bad rule path / roll back the edge-waf revision.",the origin servers being down | a network or DNS fault | scaling the edge will help | a datastore problem,the service is just overloaded and needs more replicas,WRONG,,
cloudflare_waf_regex#0,cloudflare_waf_regex,gold,"a WAF rule with a catastrophically-backtracking regex was deployed to 'waf-engine', pinning CPU to 100% on every edge request; the loud CPU saturation is a symptom of the bad rule — rolling back the rule fixes it, scaling CPU does not",a real CPU capacity shortage (scale up) | a traffic flood / DDoS | a memory leak | an upstream origin outage,"a WAF rule with a catastrophically-backtracking regex was deployed to 'waf-engine', pinning CPU to 100% on every edge request; the loud CPU saturation is a symptom of the bad rule — rolling back the rule fixes it, scaling CPU does not",CORRECT,,
cloudflare_waf_regex#1,cloudflare_waf_regex,herring,"a WAF rule with a catastrophically-backtracking regex was deployed to 'waf-engine', pinning CPU to 100% on every edge request; the loud CPU saturation is a symptom of the bad rule — rolling back the rule fixes it, scaling CPU does not",a real CPU capacity shortage (scale up) | a traffic flood / DDoS | a memory leak | an upstream origin outage,the incident is caused by a real CPU capacity shortage (scale up),WRONG,,
cloudflare_waf_regex#2,cloudflare_waf_regex,generic,"a WAF rule with a catastrophically-backtracking regex was deployed to 'waf-engine', pinning CPU to 100% on every edge request; the loud CPU saturation is a symptom of the bad rule — rolling back the rule fixes it, scaling CPU does not",a real CPU capacity shortage (scale up) | a traffic flood / DDoS | a memory leak | an upstream origin outage,the service is just overloaded and needs more replicas,WRONG,,
cloudflare_zonemd_stale_cache#0,cloudflare_zonemd_stale_cache,gold,"a new ZONEMD record silently broke the 'static-zone-parser' so it served a 13-day-stale root zone until DNSSEC signatures expired and nodes SERVFAILed; it looks like upstream DNSSEC but is an internal parser + stale cache, and a per-request override-rule does NOT propagate",an upstream DNS/DNSSEC outage | an override-rule tag will fix it | the resolver needs scaling | a bad deploy,"a new ZONEMD record silently broke the 'static-zone-parser' so it served a 13-day-stale root zone until DNSSEC signatures expired and nodes SERVFAILed; it looks like upstream DNSSEC but is an internal parser + stale cache, and a per-request override-rule does NOT propagate",CORRECT,,
cloudflare_zonemd_stale_cache#1,cloudflare_zonemd_stale_cache,herring,"a new ZONEMD record silently broke the 'static-zone-parser' so it served a 13-day-stale root zone until DNSSEC signatures expired and nodes SERVFAILed; it looks like upstream DNSSEC but is an internal parser + stale cache, and a per-request override-rule does NOT propagate",an upstream DNS/DNSSEC outage | an override-rule tag will fix it | the resolver needs scaling | a bad deploy,the incident is caused by an upstream DNS/DNSSEC outage,WRONG,,
cloudflare_zonemd_stale_cache#2,cloudflare_zonemd_stale_cache,generic,"a new ZONEMD record silently broke the 'static-zone-parser' so it served a 13-day-stale root zone until DNSSEC signatures expired and nodes SERVFAILed; it looks like upstream DNSSEC but is an internal parser + stale cache, and a per-request override-rule does NOT propagate",an upstream DNS/DNSSEC outage | an override-rule tag will fix it | the resolver needs scaling | a bad deploy,the service is just overloaded and needs more replicas,WRONG,,
conntrack_exhaustion#0,conntrack_exhaustion,gold,the kernel conntrack table on 'nat-gateway' filled up so new NAT'd connections are dropped; the egress/webhook failures look like a downstream outage but are conntrack exhaustion — restart/flush to reclaim the table (or raise the limit),a downstream provider outage | the services need more replicas | a bad deploy | a DNS resolution failure,the kernel conntrack table on 'nat-gateway' filled up so new NAT'd connections are dropped; the egress/webhook failures look like a downstream outage but are conntrack exhaustion — restart/flush to reclaim the table (or raise the limit),CORRECT,,
conntrack_exhaustion#1,conntrack_exhaustion,herring,the kernel conntrack table on 'nat-gateway' filled up so new NAT'd connections are dropped; the egress/webhook failures look like a downstream outage but are conntrack exhaustion — restart/flush to reclaim the table (or raise the limit),a downstream provider outage | the services need more replicas | a bad deploy | a DNS resolution failure,the incident is caused by a downstream provider outage,WRONG,,
conntrack_exhaustion#2,conntrack_exhaustion,generic,the kernel conntrack table on 'nat-gateway' filled up so new NAT'd connections are dropped; the egress/webhook failures look like a downstream outage but are conntrack exhaustion — restart/flush to reclaim the table (or raise the limit),a downstream provider outage | the services need more replicas | a bad deploy | a DNS resolution failure,the service is just overloaded and needs more replicas,WRONG,,
cpu_saturation_leaf#0,cpu_saturation_leaf,gold,'thumbnailer' is CPU-starved (cpu_starve): its CPU is saturated so latency climbs; it needs more capacity,a memory problem / OOM | a bad deploy | a network/dependency fault,'thumbnailer' is CPU-starved (cpu_starve): its CPU is saturated so latency climbs; it needs more capacity,CORRECT,,
cpu_saturation_leaf#1,cpu_saturation_leaf,herring,'thumbnailer' is CPU-starved (cpu_starve): its CPU is saturated so latency climbs; it needs more capacity,a memory problem / OOM | a bad deploy | a network/dependency fault,the incident is caused by a memory problem / OOM,WRONG,,
cpu_saturation_leaf#2,cpu_saturation_leaf,generic,'thumbnailer' is CPU-starved (cpu_starve): its CPU is saturated so latency climbs; it needs more capacity,a memory problem / OOM | a bad deploy | a network/dependency fault,the service is just overloaded and needs more replicas,WRONG,,
crowdstrike_bsod#0,crowdstrike_bsod,gold,"the 'security-agent' DaemonSet shipped a bad Channel File (malformed content data, not a code/driver change) that crashes the kernel driver, so nodes BSOD/crashloop. Roll back the bad channel content — rebooting alone re-loads the bad file and does not fix it.",a node hardware failure | a kernel/driver code bug | rebooting the nodes will fix it | a bad application deploy,"the 'security-agent' DaemonSet shipped a bad Channel File (malformed content data, not a code/driver change) that crashes the kernel driver, so nodes BSOD/crashloop. Roll back the bad channel content — rebooting alone re-loads the bad file and does not fix it.",CORRECT,,
crowdstrike_bsod#1,crowdstrike_bsod,herring,"the 'security-agent' DaemonSet shipped a bad Channel File (malformed content data, not a code/driver change) that crashes the kernel driver, so nodes BSOD/crashloop. Roll back the bad channel content — rebooting alone re-loads the bad file and does not fix it.",a node hardware failure | a kernel/driver code bug | rebooting the nodes will fix it | a bad application deploy,the incident is caused by a node hardware failure,WRONG,,
crowdstrike_bsod#2,crowdstrike_bsod,generic,"the 'security-agent' DaemonSet shipped a bad Channel File (malformed content data, not a code/driver change) that crashes the kernel driver, so nodes BSOD/crashloop. Roll back the bad channel content — rebooting alone re-loads the bad file and does not fix it.",a node hardware failure | a kernel/driver code bug | rebooting the nodes will fix it | a bad application deploy,the service is just overloaded and needs more replicas,WRONG,,
datadog_systemd_cilium#0,datadog_systemd_cilium,gold,"a legacy apt auto-update restarted systemd-networkd which flushed the Cilium CNI routes on every node ('cni-agent'), so pods lost networking fleet-wide — not a global control-plane incident",a global control-plane outage | the nodes need replacement | a regional database failure | a bad application deploy,"a legacy apt auto-update restarted systemd-networkd which flushed the Cilium CNI routes on every node ('cni-agent'), so pods lost networking fleet-wide — not a global control-plane incident",CORRECT,,
datadog_systemd_cilium#1,datadog_systemd_cilium,herring,"a legacy apt auto-update restarted systemd-networkd which flushed the Cilium CNI routes on every node ('cni-agent'), so pods lost networking fleet-wide — not a global control-plane incident",a global control-plane outage | the nodes need replacement | a regional database failure | a bad application deploy,the incident is caused by a global control-plane outage,WRONG,,
datadog_systemd_cilium#2,datadog_systemd_cilium,generic,"a legacy apt auto-update restarted systemd-networkd which flushed the Cilium CNI routes on every node ('cni-agent'), so pods lost networking fleet-wide — not a global control-plane incident",a global control-plane outage | the nodes need replacement | a regional database failure | a bad application deploy,the service is just overloaded and needs more replicas,WRONG,,
facebook_bgp_backbone#0,facebook_bgp_backbone,gold,a routine config change on 'backbone-router' withdrew the backbone BGP routes and took the DNS edge offline globally; every product is a downstream victim and the tools needed to fix it are themselves unreachable,a DNS provider outage | a data-center power failure | a bad application deploy | a DDoS attack,a routine config change on 'backbone-router' withdrew the backbone BGP routes and took the DNS edge offline globally; every product is a downstream victim and the tools needed to fix it are themselves unreachable,CORRECT,,
facebook_bgp_backbone#1,facebook_bgp_backbone,herring,a routine config change on 'backbone-router' withdrew the backbone BGP routes and took the DNS edge offline globally; every product is a downstream victim and the tools needed to fix it are themselves unreachable,a DNS provider outage | a data-center power failure | a bad application deploy | a DDoS attack,the incident is caused by a DNS provider outage,WRONG,,
facebook_bgp_backbone#2,facebook_bgp_backbone,generic,a routine config change on 'backbone-router' withdrew the backbone BGP routes and took the DNS edge offline globally; every product is a downstream victim and the tools needed to fix it are themselves unreachable,a DNS provider outage | a data-center power failure | a bad application deploy | a DDoS attack,the service is just overloaded and needs more replicas,WRONG,,
firefox_addon_cert#0,firefox_addon_cert,gold,"the intermediate signing certificate behind 'addon-signer' expired, so every add-on signature was rejected and add-ons were disabled fleet-wide; re-issuing the intermediate certificate restores them — it is not an add-on bug or a bad release",a bad add-on release | a browser application bug | a network/CDN fault | a capacity problem,"the intermediate signing certificate behind 'addon-signer' expired, so every add-on signature was rejected and add-ons were disabled fleet-wide; re-issuing the intermediate certificate restores them — it is not an add-on bug or a bad release",CORRECT,,
firefox_addon_cert#1,firefox_addon_cert,herring,"the intermediate signing certificate behind 'addon-signer' expired, so every add-on signature was rejected and add-ons were disabled fleet-wide; re-issuing the intermediate certificate restores them — it is not an add-on bug or a bad release",a bad add-on release | a browser application bug | a network/CDN fault | a capacity problem,the incident is caused by a bad add-on release,WRONG,,
firefox_addon_cert#2,firefox_addon_cert,generic,"the intermediate signing certificate behind 'addon-signer' expired, so every add-on signature was rejected and add-ons were disabled fleet-wide; re-issuing the intermediate certificate restores them — it is not an add-on bug or a bad release",a bad add-on release | a browser application bug | a network/CDN fault | a capacity problem,the service is just overloaded and needs more replicas,WRONG,,
gcp_service_control#0,gcp_service_control,gold,the 'service-control' control plane is crash-looping from a bad/blank quota-policy config (NullPointer); the product 503s on workspace / compute-api are DOWNSTREAM symptoms of that upstream control-plane failure,"a product service (workspace, compute-api, or bigquery-api) being the root cause | the api-gateway itself being the root | the recent workspace deploy / a bad deploy on a product | resource exhaustion on a product service | just restarting or scaling service-control (that herds Spanner and worsens it)",the 'service-control' control plane is crash-looping from a bad/blank quota-policy config (NullPointer); the product 503s on workspace / compute-api are DOWNSTREAM symptoms of that upstream control-plane failure,CORRECT,,
gcp_service_control#1,gcp_service_control,herring,the 'service-control' control plane is crash-looping from a bad/blank quota-policy config (NullPointer); the product 503s on workspace / compute-api are DOWNSTREAM symptoms of that upstream control-plane failure,"a product service (workspace, compute-api, or bigquery-api) being the root cause | the api-gateway itself being the root | the recent workspace deploy / a bad deploy on a product | resource exhaustion on a product service | just restarting or scaling service-control (that herds Spanner and worsens it)","the incident is caused by a product service (workspace, compute-api, or bigquery-api) being the root cause",WRONG,,
gcp_service_control#2,gcp_service_control,generic,the 'service-control' control plane is crash-looping from a bad/blank quota-policy config (NullPointer); the product 503s on workspace / compute-api are DOWNSTREAM symptoms of that upstream control-plane failure,"a product service (workspace, compute-api, or bigquery-api) being the root cause | the api-gateway itself being the root | the recent workspace deploy / a bad deploy on a product | resource exhaustion on a product service | just restarting or scaling service-control (that herds Spanner and worsens it)",the service is just overloaded and needs more replicas,WRONG,,
github_dns_zone_corruption#0,github_dns_zone_corruption,gold,a Puppet bug plus a circular dependency in the 'dns-pipeline' (the DNS deploy needs DNS) pushed a truncated zone causing NXDOMAIN; re-running the DNS deploy without a sanity check makes it worse — fix the zone via direct API with validation,a pure caching-DNS bug | re-running the DNS deploy will fix it | a fileserver hardware fault | a bad application deploy,a Puppet bug plus a circular dependency in the 'dns-pipeline' (the DNS deploy needs DNS) pushed a truncated zone causing NXDOMAIN; re-running the DNS deploy without a sanity check makes it worse — fix the zone via direct API with validation,CORRECT,,
github_dns_zone_corruption#1,github_dns_zone_corruption,herring,a Puppet bug plus a circular dependency in the 'dns-pipeline' (the DNS deploy needs DNS) pushed a truncated zone causing NXDOMAIN; re-running the DNS deploy without a sanity check makes it worse — fix the zone via direct API with validation,a pure caching-DNS bug | re-running the DNS deploy will fix it | a fileserver hardware fault | a bad application deploy,the incident is caused by a pure caching-DNS bug,WRONG,,
github_dns_zone_corruption#2,github_dns_zone_corruption,generic,a Puppet bug plus a circular dependency in the 'dns-pipeline' (the DNS deploy needs DNS) pushed a truncated zone causing NXDOMAIN; re-running the DNS deploy without a sanity check makes it worse — fix the zone via direct API with validation,a pure caching-DNS bug | re-running the DNS deploy will fix it | a fileserver hardware fault | a bad application deploy,the service is just overloaded and needs more replicas,WRONG,,
github_mysql_semaphore_rename#0,github_mysql_semaphore_rename,gold,the final RENAME of a large migration deadlocked the InnoDB semaphore so the read 'replica-pool' entered a crash-recovery loop; ADDING capacity feeds new replicas into the same loop — pull traffic and let the RENAME finish,a plain capacity shortage | adding/promoting read replicas will help | a bad deploy | a network fault,the final RENAME of a large migration deadlocked the InnoDB semaphore so the read 'replica-pool' entered a crash-recovery loop; ADDING capacity feeds new replicas into the same loop — pull traffic and let the RENAME finish,CORRECT,,
github_mysql_semaphore_rename#1,github_mysql_semaphore_rename,herring,the final RENAME of a large migration deadlocked the InnoDB semaphore so the read 'replica-pool' entered a crash-recovery loop; ADDING capacity feeds new replicas into the same loop — pull traffic and let the RENAME finish,a plain capacity shortage | adding/promoting read replicas will help | a bad deploy | a network fault,the incident is caused by a plain capacity shortage,WRONG,,
github_mysql_semaphore_rename#2,github_mysql_semaphore_rename,generic,the final RENAME of a large migration deadlocked the InnoDB semaphore so the read 'replica-pool' entered a crash-recovery loop; ADDING capacity feeds new replicas into the same loop — pull traffic and let the RENAME finish,a plain capacity shortage | adding/promoting read replicas will help | a bad deploy | a network fault,the service is just overloaded and needs more replicas,WRONG,,
github_network_partition#0,github_network_partition,gold,"a 43-second intersite link loss made the Raft 'orchestrator' deselect the East primary and reform quorum on the West coast; the database 'problem' is a network partition / split-brain, and a naive failback would lose ~40min of writes",a database capacity problem | failing back to East is safe | promoting more read replicas helps | a bad deploy,"a 43-second intersite link loss made the Raft 'orchestrator' deselect the East primary and reform quorum on the West coast; the database 'problem' is a network partition / split-brain, and a naive failback would lose ~40min of writes",CORRECT,,
github_network_partition#1,github_network_partition,herring,"a 43-second intersite link loss made the Raft 'orchestrator' deselect the East primary and reform quorum on the West coast; the database 'problem' is a network partition / split-brain, and a naive failback would lose ~40min of writes",a database capacity problem | failing back to East is safe | promoting more read replicas helps | a bad deploy,the incident is caused by a database capacity problem,WRONG,,
github_network_partition#2,github_network_partition,generic,"a 43-second intersite link loss made the Raft 'orchestrator' deselect the East primary and reform quorum on the West coast; the database 'problem' is a network partition / split-brain, and a naive failback would lose ~40min of writes",a database capacity problem | failing back to East is safe | promoting more read replicas helps | a bad deploy,the service is just overloaded and needs more replicas,WRONG,,
github_proxysql_fd_limit#0,github_proxysql_fd_limit,gold,systemd silently clamped LimitNOFILE so 'proxysql' hit a 65k FD ceiling far below its config; connection saturation stalls writes on mysql1 — it looks like DB capacity but is a silent FD limit,a database capacity / connection-pool shortage | a resource-intensive query is to blame | restarting ProxySQL will fix it | the primary promotion caused it,systemd silently clamped LimitNOFILE so 'proxysql' hit a 65k FD ceiling far below its config; connection saturation stalls writes on mysql1 — it looks like DB capacity but is a silent FD limit,CORRECT,,
github_proxysql_fd_limit#1,github_proxysql_fd_limit,herring,systemd silently clamped LimitNOFILE so 'proxysql' hit a 65k FD ceiling far below its config; connection saturation stalls writes on mysql1 — it looks like DB capacity but is a silent FD limit,a database capacity / connection-pool shortage | a resource-intensive query is to blame | restarting ProxySQL will fix it | the primary promotion caused it,the incident is caused by a database capacity / connection-pool shortage,WRONG,,
github_proxysql_fd_limit#2,github_proxysql_fd_limit,generic,systemd silently clamped LimitNOFILE so 'proxysql' hit a 65k FD ceiling far below its config; connection saturation stalls writes on mysql1 — it looks like DB capacity but is a silent FD limit,a database capacity / connection-pool shortage | a resource-intensive query is to blame | restarting ProxySQL will fix it | the primary promotion caused it,the service is just overloaded and needs more replicas,WRONG,,
github_zk_splitbrain#0,github_zk_splitbrain,gold,"two ZooKeeper clusters ('zk-ensemble') ended up with conflicting Kafka state after a partition, so coordination reads diverged (split-brain); reconciling the ensemble / fencing the stale quorum is the fix, not restarting Kafka or adding brokers",a Kafka broker capacity shortage | restarting the brokers will fix it | a bad deploy | a disk problem on the brokers,"two ZooKeeper clusters ('zk-ensemble') ended up with conflicting Kafka state after a partition, so coordination reads diverged (split-brain); reconciling the ensemble / fencing the stale quorum is the fix, not restarting Kafka or adding brokers",CORRECT,,
github_zk_splitbrain#1,github_zk_splitbrain,herring,"two ZooKeeper clusters ('zk-ensemble') ended up with conflicting Kafka state after a partition, so coordination reads diverged (split-brain); reconciling the ensemble / fencing the stale quorum is the fix, not restarting Kafka or adding brokers",a Kafka broker capacity shortage | restarting the brokers will fix it | a bad deploy | a disk problem on the brokers,the incident is caused by a Kafka broker capacity shortage,WRONG,,
github_zk_splitbrain#2,github_zk_splitbrain,generic,"two ZooKeeper clusters ('zk-ensemble') ended up with conflicting Kafka state after a partition, so coordination reads diverged (split-brain); reconciling the ensemble / fencing the stale quorum is the fix, not restarting Kafka or adding brokers",a Kafka broker capacity shortage | restarting the brokers will fix it | a bad deploy | a disk problem on the brokers,the service is just overloaded and needs more replicas,WRONG,,
gke_ip_exhaustion#0,gke_ip_exhaustion,gold,the cluster exhausted its Pod CIDR ('pod-cidr-pool') so new pods can't get IPs and stay Pending; the scheduling failures look like a scheduler or capacity bug but are IP-pool exhaustion — reclaim/restart to release leaked allocations (or widen the range),the scheduler is broken | the nodes are out of CPU/memory | a bad deploy | a network policy is blocking pods,the cluster exhausted its Pod CIDR ('pod-cidr-pool') so new pods can't get IPs and stay Pending; the scheduling failures look like a scheduler or capacity bug but are IP-pool exhaustion — reclaim/restart to release leaked allocations (or widen the range),CORRECT,,
gke_ip_exhaustion#1,gke_ip_exhaustion,herring,the cluster exhausted its Pod CIDR ('pod-cidr-pool') so new pods can't get IPs and stay Pending; the scheduling failures look like a scheduler or capacity bug but are IP-pool exhaustion — reclaim/restart to release leaked allocations (or widen the range),the scheduler is broken | the nodes are out of CPU/memory | a bad deploy | a network policy is blocking pods,the incident is caused by the scheduler is broken,WRONG,,
gke_ip_exhaustion#2,gke_ip_exhaustion,generic,the cluster exhausted its Pod CIDR ('pod-cidr-pool') so new pods can't get IPs and stay Pending; the scheduling failures look like a scheduler or capacity bug but are IP-pool exhaustion — reclaim/restart to release leaked allocations (or widen the range),the scheduler is broken | the nodes are out of CPU/memory | a bad deploy | a network policy is blocking pods,the service is just overloaded and needs more replicas,WRONG,,
incidentio_anetd_cpu#0,incidentio_anetd_cpu,gold,"the node CNI agent ('dataplane-agent', GKE Dataplane V2 anetd) CPU-saturates under rapid TCP churn and drops packets for unrelated pods on the node — the DB/cache timeouts are downstream",an application connection-pool bug | the managed memcached is at fault | stale TCP connections | disabling Dataplane V2 will fix it,"the node CNI agent ('dataplane-agent', GKE Dataplane V2 anetd) CPU-saturates under rapid TCP churn and drops packets for unrelated pods on the node — the DB/cache timeouts are downstream",CORRECT,,
incidentio_anetd_cpu#1,incidentio_anetd_cpu,herring,"the node CNI agent ('dataplane-agent', GKE Dataplane V2 anetd) CPU-saturates under rapid TCP churn and drops packets for unrelated pods on the node — the DB/cache timeouts are downstream",an application connection-pool bug | the managed memcached is at fault | stale TCP connections | disabling Dataplane V2 will fix it,the incident is caused by an application connection-pool bug,WRONG,,
incidentio_anetd_cpu#2,incidentio_anetd_cpu,generic,"the node CNI agent ('dataplane-agent', GKE Dataplane V2 anetd) CPU-saturates under rapid TCP churn and drops packets for unrelated pods on the node — the DB/cache timeouts are downstream",an application connection-pool bug | the managed memcached is at fault | stale TCP connections | disabling Dataplane V2 will fix it,the service is just overloaded and needs more replicas,WRONG,,
ingest_fd_exhaust#0,ingest_fd_exhaust,gold,'log-ingest' exhausted its file-descriptor limit (sockets leaked under load) so new connections fail; restarting the service resets the FD table,a database capacity problem | a bad deploy | needs more memory,'log-ingest' exhausted its file-descriptor limit (sockets leaked under load) so new connections fail; restarting the service resets the FD table,CORRECT,,
ingest_fd_exhaust#1,ingest_fd_exhaust,herring,'log-ingest' exhausted its file-descriptor limit (sockets leaked under load) so new connections fail; restarting the service resets the FD table,a database capacity problem | a bad deploy | needs more memory,the incident is caused by a database capacity problem,WRONG,,
ingest_fd_exhaust#2,ingest_fd_exhaust,generic,'log-ingest' exhausted its file-descriptor limit (sockets leaked under load) so new connections fail; restarting the service resets the FD table,a database capacity problem | a bad deploy | needs more memory,the service is just overloaded and needs more replicas,CORRECT,,
kafka_poison_pill#0,kafka_poison_pill,gold,"an unserializable 'poison-pill' message at the head of the partition crashes every consumer in 'consumer-group' on deserialize, blocking all progress; rolling back / skipping the bad content unblocks it — it is not a consumer capacity or code-version problem",the consumers need more capacity | a consumer code bug | the broker is down | a network fault,"an unserializable 'poison-pill' message at the head of the partition crashes every consumer in 'consumer-group' on deserialize, blocking all progress; rolling back / skipping the bad content unblocks it — it is not a consumer capacity or code-version problem",CORRECT,,
kafka_poison_pill#1,kafka_poison_pill,herring,"an unserializable 'poison-pill' message at the head of the partition crashes every consumer in 'consumer-group' on deserialize, blocking all progress; rolling back / skipping the bad content unblocks it — it is not a consumer capacity or code-version problem",the consumers need more capacity | a consumer code bug | the broker is down | a network fault,the incident is caused by the consumers need more capacity,WRONG,,
kafka_poison_pill#2,kafka_poison_pill,generic,"an unserializable 'poison-pill' message at the head of the partition crashes every consumer in 'consumer-group' on deserialize, blocking all progress; rolling back / skipping the bad content unblocks it — it is not a consumer capacity or code-version problem",the consumers need more capacity | a consumer code bug | the broker is down | a network fault,the service is just overloaded and needs more replicas,WRONG,,
knight_capital_conflict#0,knight_capital_conflict,gold,"'order-router' ran conflicting deployed versions (a repurposed feature flag reactivated dead code on some hosts), so it emitted runaway orders; rolling the divergent revision back to a consistent version stops it — it is a version-conflict, not a market-data or capacity issue",a market-data feed problem | the gateway needs more capacity | a network fault | a database outage,"'order-router' ran conflicting deployed versions (a repurposed feature flag reactivated dead code on some hosts), so it emitted runaway orders; rolling the divergent revision back to a consistent version stops it — it is a version-conflict, not a market-data or capacity issue",CORRECT,,
knight_capital_conflict#1,knight_capital_conflict,herring,"'order-router' ran conflicting deployed versions (a repurposed feature flag reactivated dead code on some hosts), so it emitted runaway orders; rolling the divergent revision back to a consistent version stops it — it is a version-conflict, not a market-data or capacity issue",a market-data feed problem | the gateway needs more capacity | a network fault | a database outage,the incident is caused by a market-data feed problem,WRONG,,
knight_capital_conflict#2,knight_capital_conflict,generic,"'order-router' ran conflicting deployed versions (a repurposed feature flag reactivated dead code on some hosts), so it emitted runaway orders; rolling the divergent revision back to a consistent version stops it — it is a version-conflict, not a market-data or capacity issue",a market-data feed problem | the gateway needs more capacity | a network fault | a database outage,the service is just overloaded and needs more replicas,WRONG,,
launchdarkly_cold_cache#0,launchdarkly_cold_cache,gold,"during a cloud outage an operator cut 'flag-router' over to a legacy routing path with COLD caches, so SDKs retried on every miss and collapsed the streaming service — the second-phase outage is a self-inflicted cold-cache cutover, not pure cloud fallout",pure upstream cloud-provider fallout | scaling out will relieve it | a bad deploy | an internal code bug in the router,"during a cloud outage an operator cut 'flag-router' over to a legacy routing path with COLD caches, so SDKs retried on every miss and collapsed the streaming service — the second-phase outage is a self-inflicted cold-cache cutover, not pure cloud fallout",CORRECT,,
launchdarkly_cold_cache#1,launchdarkly_cold_cache,herring,"during a cloud outage an operator cut 'flag-router' over to a legacy routing path with COLD caches, so SDKs retried on every miss and collapsed the streaming service — the second-phase outage is a self-inflicted cold-cache cutover, not pure cloud fallout",pure upstream cloud-provider fallout | scaling out will relieve it | a bad deploy | an internal code bug in the router,the incident is caused by pure upstream cloud-provider fallout,WRONG,,
launchdarkly_cold_cache#2,launchdarkly_cold_cache,generic,"during a cloud outage an operator cut 'flag-router' over to a legacy routing path with COLD caches, so SDKs retried on every miss and collapsed the streaming service — the second-phase outage is a self-inflicted cold-cache cutover, not pure cloud fallout",pure upstream cloud-provider fallout | scaling out will relieve it | a bad deploy | an internal code bug in the router,the service is just overloaded and needs more replicas,CORRECT,,
media_oom_leak#0,media_oom_leak,gold,'thumbnailer' has a per-process heap leak: RSS climbs past the memory limit and the kernel OOM-kills it; raise the limit and restart to clear the leaked heap,too few replicas / needs scaling | a caching problem | a bad deploy,'thumbnailer' has a per-process heap leak: RSS climbs past the memory limit and the kernel OOM-kills it; raise the limit and restart to clear the leaked heap,CORRECT,,
media_oom_leak#1,media_oom_leak,herring,'thumbnailer' has a per-process heap leak: RSS climbs past the memory limit and the kernel OOM-kills it; raise the limit and restart to clear the leaked heap,too few replicas / needs scaling | a caching problem | a bad deploy,the incident is caused by too few replicas / needs scaling,WRONG,,
media_oom_leak#2,media_oom_leak,generic,'thumbnailer' has a per-process heap leak: RSS climbs past the memory limit and the kernel OOM-kills it; raise the limit and restart to clear the leaked heap,too few replicas / needs scaling | a caching problem | a bad deploy,the service is just overloaded and needs more replicas,WRONG,,
oom_kill#0,oom_kill,gold,a per-process memory leak on 'image-resizer': its RSS climbs past the container memory limit and the kernel OOM-kills the pod,too few replicas / needs more scaling | a cache problem | a bad deploy / image regression,a per-process memory leak on 'image-resizer': its RSS climbs past the container memory limit and the kernel OOM-kills the pod,CORRECT,,
oom_kill#1,oom_kill,herring,a per-process memory leak on 'image-resizer': its RSS climbs past the container memory limit and the kernel OOM-kills the pod,too few replicas / needs more scaling | a cache problem | a bad deploy / image regression,the incident is caused by too few replicas / needs more scaling,WRONG,,
oom_kill#2,oom_kill,generic,a per-process memory leak on 'image-resizer': its RSS climbs past the container memory limit and the kernel OOM-kills the pod,too few replicas / needs more scaling | a cache problem | a bad deploy / image regression,the service is just overloaded and needs more replicas,WRONG,,
payments_dep_revoked#0,payments_dep_revoked,gold,"'payments-api' lost its external payment-processor credential (revoked key), so all charge calls 401; reinstating the credential / failing over to the backup processor fixes it",a bug in payments-api code | restarting will fix it | a bad deploy | resource exhaustion,"'payments-api' lost its external payment-processor credential (revoked key), so all charge calls 401; reinstating the credential / failing over to the backup processor fixes it",CORRECT,,
payments_dep_revoked#1,payments_dep_revoked,herring,"'payments-api' lost its external payment-processor credential (revoked key), so all charge calls 401; reinstating the credential / failing over to the backup processor fixes it",a bug in payments-api code | restarting will fix it | a bad deploy | resource exhaustion,the incident is caused by a bug in payments-api code,WRONG,,
payments_dep_revoked#2,payments_dep_revoked,generic,"'payments-api' lost its external payment-processor credential (revoked key), so all charge calls 401; reinstating the credential / failing over to the backup processor fixes it",a bug in payments-api code | restarting will fix it | a bad deploy | resource exhaustion,the service is just overloaded and needs more replicas,WRONG,,
railway_gcp_suspension#0,railway_gcp_suspension,gold,"the external 'gcp-network-api' was revoked by a GCP account-suspension sweep, so Railway's control plane lost its network API — an external dependency revocation, not a Railway bug. Cached routing state masks it until it expires; reinstate the API, don't just restart (a restart rebuilds from the revoked API).",a bug in the railway-control-plane code | restarting the control plane will fix it | a bad deploy | internal resource exhaustion,"the external 'gcp-network-api' was revoked by a GCP account-suspension sweep, so Railway's control plane lost its network API — an external dependency revocation, not a Railway bug. Cached routing state masks it until it expires; reinstate the API, don't just restart (a restart rebuilds from the revoked API).",CORRECT,,
railway_gcp_suspension#1,railway_gcp_suspension,herring,"the external 'gcp-network-api' was revoked by a GCP account-suspension sweep, so Railway's control plane lost its network API — an external dependency revocation, not a Railway bug. Cached routing state masks it until it expires; reinstate the API, don't just restart (a restart rebuilds from the revoked API).",a bug in the railway-control-plane code | restarting the control plane will fix it | a bad deploy | internal resource exhaustion,the incident is caused by a bug in the railway-control-plane code,WRONG,,
railway_gcp_suspension#2,railway_gcp_suspension,generic,"the external 'gcp-network-api' was revoked by a GCP account-suspension sweep, so Railway's control plane lost its network API — an external dependency revocation, not a Railway bug. Cached routing state masks it until it expires; reinstate the API, don't just restart (a restart rebuilds from the revoked API).",a bug in the railway-control-plane code | restarting the control plane will fix it | a bad deploy | internal resource exhaustion,the service is just overloaded and needs more replicas,WRONG,,
redis_cache_flush#0,redis_cache_flush,gold,the 'session-cache' Redis instance was flushed/cold so the hit-rate collapsed; it must be warmed/refilled (clear_cache reseeds the working set),a memory leak in the cache | a bad deploy of the cache image | the database is the bottleneck,the 'session-cache' Redis instance was flushed/cold so the hit-rate collapsed; it must be warmed/refilled (clear_cache reseeds the working set),CORRECT,,
redis_cache_flush#1,redis_cache_flush,herring,the 'session-cache' Redis instance was flushed/cold so the hit-rate collapsed; it must be warmed/refilled (clear_cache reseeds the working set),a memory leak in the cache | a bad deploy of the cache image | the database is the bottleneck,the incident is caused by a memory leak in the cache,WRONG,,
redis_cache_flush#2,redis_cache_flush,generic,the 'session-cache' Redis instance was flushed/cold so the hit-rate collapsed; it must be warmed/refilled (clear_cache reseeds the working set),a memory leak in the cache | a bad deploy of the cache image | the database is the bottleneck,the service is just overloaded and needs more replicas,WRONG,,
search_cpu_starve#0,search_cpu_starve,gold,"'search-api' is CPU-starved: CPU pinned at 100% and CFS-throttled, so latency climbs; it needs more capacity (scale out / raise the CPU quota)",a memory leak / OOM | a bad deploy | a downstream dependency outage,"'search-api' is CPU-starved: CPU pinned at 100% and CFS-throttled, so latency climbs; it needs more capacity (scale out / raise the CPU quota)",CORRECT,,
search_cpu_starve#1,search_cpu_starve,herring,"'search-api' is CPU-starved: CPU pinned at 100% and CFS-throttled, so latency climbs; it needs more capacity (scale out / raise the CPU quota)",a memory leak / OOM | a bad deploy | a downstream dependency outage,the incident is caused by a memory leak / OOM,WRONG,,
search_cpu_starve#2,search_cpu_starve,generic,"'search-api' is CPU-starved: CPU pinned at 100% and CFS-throttled, so latency climbs; it needs more capacity (scale out / raise the CPU quota)",a memory leak / OOM | a bad deploy | a downstream dependency outage,the service is just overloaded and needs more replicas,WRONG,,
singleton_node_notready#0,singleton_node_notready,gold,"the only worker node 'worker-node-1' is NotReady (single-node pool), so 'edge-api' has nowhere to run",the edge-api application itself being broken | a bad deploy on edge-api | resource exhaustion inside the app,"the only worker node 'worker-node-1' is NotReady (single-node pool), so 'edge-api' has nowhere to run",CORRECT,,
singleton_node_notready#1,singleton_node_notready,herring,"the only worker node 'worker-node-1' is NotReady (single-node pool), so 'edge-api' has nowhere to run",the edge-api application itself being broken | a bad deploy on edge-api | resource exhaustion inside the app,the incident is caused by the edge-api application itself being broken,WRONG,,
singleton_node_notready#2,singleton_node_notready,generic,"the only worker node 'worker-node-1' is NotReady (single-node pool), so 'edge-api' has nowhere to run",the edge-api application itself being broken | a bad deploy on edge-api | resource exhaustion inside the app,the service is just overloaded and needs more replicas,WRONG,,
slack_consul_cache_db#0,slack_consul_cache_db,gold,"a Consul-agent ('consul-agent') rolling restart churned the memcached ring, collapsing cache hit-rate so a sharded scatter query saturated the DB (metastable) — the DB load is a symptom, not a runaway query",a runaway database query / app bug | restarting the cache nodes will fix it | the database needs more capacity | a bad deploy,"a Consul-agent ('consul-agent') rolling restart churned the memcached ring, collapsing cache hit-rate so a sharded scatter query saturated the DB (metastable) — the DB load is a symptom, not a runaway query",CORRECT,,
slack_consul_cache_db#1,slack_consul_cache_db,herring,"a Consul-agent ('consul-agent') rolling restart churned the memcached ring, collapsing cache hit-rate so a sharded scatter query saturated the DB (metastable) — the DB load is a symptom, not a runaway query",a runaway database query / app bug | restarting the cache nodes will fix it | the database needs more capacity | a bad deploy,the incident is caused by a runaway database query / app bug,WRONG,,
slack_consul_cache_db#2,slack_consul_cache_db,generic,"a Consul-agent ('consul-agent') rolling restart churned the memcached ring, collapsing cache hit-rate so a sharded scatter query saturated the DB (metastable) — the DB load is a symptom, not a runaway query",a runaway database query / app bug | restarting the cache nodes will fix it | the database needs more capacity | a bad deploy,the service is just overloaded and needs more replicas,WRONG,,
slack_tgw_fd_exhaustion#0,slack_tgw_fd_exhaustion,gold,"the AWS Transit Gateway ('transit-gateway') didn't auto-scale for the first-Monday packet surge, causing cross-VPC packet loss; the loud backend/dashboard errors and the FD-exhaustion knock-on are downstream of the network saturation — NOT a recent code regression",a recent app deploy regression | aggressively scaling the web tier will help | an internal bug | a database outage,"the AWS Transit Gateway ('transit-gateway') didn't auto-scale for the first-Monday packet surge, causing cross-VPC packet loss; the loud backend/dashboard errors and the FD-exhaustion knock-on are downstream of the network saturation — NOT a recent code regression",CORRECT,,
slack_tgw_fd_exhaustion#1,slack_tgw_fd_exhaustion,herring,"the AWS Transit Gateway ('transit-gateway') didn't auto-scale for the first-Monday packet surge, causing cross-VPC packet loss; the loud backend/dashboard errors and the FD-exhaustion knock-on are downstream of the network saturation — NOT a recent code regression",a recent app deploy regression | aggressively scaling the web tier will help | an internal bug | a database outage,the incident is caused by a recent app deploy regression,WRONG,,
slack_tgw_fd_exhaustion#2,slack_tgw_fd_exhaustion,generic,"the AWS Transit Gateway ('transit-gateway') didn't auto-scale for the first-Monday packet surge, causing cross-VPC packet loss; the loud backend/dashboard errors and the FD-exhaustion knock-on are downstream of the network saturation — NOT a recent code regression",a recent app deploy regression | aggressively scaling the web tier will help | an internal bug | a database outage,the service is just overloaded and needs more replicas,WRONG,,
